SeqID,Prediction_Class,Prediction_Probability,Sequence
101,AMP,0.9998,CGGYSGGWKRKRSTSYRCG
102,AMP,0.9974,GIMISLMKKLAAHIAK
103,AMP,0.9997,FKAWRWAWRMKKLAAPS
104,AMP,0.9994,WGWRDIVAGIRKVAAPVLST
105,AMP,0.9999,DTHFPICIFCCGCCRQSNCGMCCKT
106,AMP<b>&nbsp;*</b>,0.5756,NGGVCIPIR
107,AMP,0.9997,GMWKKILGHLIR
108,Non-AMP,0.0004,TMKVDDLIVHFNMTKAVEMV
109,Non-AMP,0.0624,TPFLLVGTQIDLR
110,AMP,1.0,RWKIFKKIPKFLHSAKKF
111,Non-AMP,0.1269,QFEQPRRCPTRPEGQ
112,AMP,0.8904,KKKKLLLPTLFLF
113,AMP,0.5447,KSRQWQWKIRRTWPIFSIRR
114,Non-AMP,0.0024,HTTYAADRFKQVDGF
115,AMP,0.9183,LKLKLKLKLKLKLKLKLKLKLKLK
116,AMP,1.0,FAKLLAKLAKKAA
117,AMP,1.0,GLMDTVKNVAKNLAGHMLDKLKCKITGC
118,AMP,0.9954,EKCLRWQWRMRKVGG
119,Non-AMP,0.0001,SDHSESIQKKFQLMKEHVNKIGVDS
120,AMP<b>&nbsp;*</b>,0.9988,RCLCTLRIC
121,AMP,0.9999,LPVVFRVASKVFPALISKLT
122,AMP,0.9996,GKFMSLLKHILK
123,AMP,1.0,GFMKYIGPLIPHAVKAISKLI
124,AMP,1.0,CGETCVVDTRCYTKKCSCAWPVCMRN
125,AMP,0.851,ILKKYPYYPYRRK
126,Non-AMP,0.0005,DIEKLKEAIRDTNKAVQSVQSSIGNLIVAIKSVQD
127,AMP,0.9886,KNNFCQVLYVWLLRLGKQCFVKFSKDVET
128,AMP,0.9999,GVVDILKGLAKDIAGHLASKVMNKL
129,AMP<b>&nbsp;*</b>,0.9963,RCICRLGIC
130,AMP,1.0,SCNCFCYICCSCSSA
131,AMP,0.9954,DRCSQQCQHHRDPDRKQQCMRECRRHQGRSD
132,AMP,1.0,LRDLVCYCRARGCKGRERMNGTCSKGHLLYMLCC
133,AMP<b>&nbsp;*</b>,0.8898,YPLPFIP
134,AMP,0.9999,RLPWRWPRRPWRR
135,AMP,1.0,CVISAGWDHKVRCKLTGNC
136,AMP,0.9998,DDALKKLLKKLLKKL
137,AMP,1.0,LRDLVCYCRKRGCKRREHMNGTCRKGHLLYMLCCR
138,AMP<b>&nbsp;*</b>,0.9991,LWLLWLRWL
139,Non-AMP,0.0018,NVQGKTGIQQLQKWEDWVRW
140,Non-AMP<b>&nbsp;*</b>,0.0384,IRHQGLPQE
141,AMP,0.9999,MGAVIKVGAKVIGWGAASGAGLYGLEKILKK
142,AMP,0.9938,GVVVRIGRVVVRGVRR
143,AMP,0.9993,GLLKRIKNLL
144,AMP,0.9999,FAKKLAKLAKKALAL
145,Non-AMP,0.0064,DDSVVCAAMSYSHA
146,Non-AMP,0.0008,EFVLATGDFVYMSPF
147,AMP,0.9877,PNDPDSPCVYRMPNARGCSI
148,AMP,1.0,FIGAILPAIAGLVGGLINR
149,AMP,0.9842,WMLKKFRGMF
150,AMP,1.0,LLPIVGNLLKSLLGWKRKRFG
NP_001336534.1,AMP<b>&nbsp;*</b>,0.5227,MAATRNK
NP_001336522.1,Non-AMP<b>&nbsp;*</b>,0.3374,MKMDGLR
WP_106409764.1,Non-AMP<b>&nbsp;*</b>,0.1454,MNIKHYQ
XP_018644135.1,AMP<b>&nbsp;*</b>,0.6844,LLWNSIP
WP_032073091.1,Non-AMP<b>&nbsp;*</b>,0.3508,MHPHMSY
XP_007150982.1,Non-AMP<b>&nbsp;*</b>,0.163,KECVWFW
XP_007135826.1,Non-AMP<b>&nbsp;*</b>,0.0543,FAVCGDC
XP_004258432.1,AMP<b>&nbsp;*</b>,0.6718,RVLWSKM
WP_032489378.1,Non-AMP<b>&nbsp;*</b>,0.0438,MNSQVIIL
WP_134871335.1,Non-AMP<b>&nbsp;*</b>,0.1489,TFDQISQR
YP_009703446.1,Non-AMP<b>&nbsp;*</b>,0.07,MLIVTIQK
WP_123821332.1,AMP<b>&nbsp;*</b>,0.552,MCQVVNLI
WP_121616895.1,Non-AMP<b>&nbsp;*</b>,0.0894,MHPYQRIA
WP_144433036.1,Non-AMP<b>&nbsp;*</b>,0.1707,MLFCDGHA
WP_143608943.1,Non-AMP<b>&nbsp;*</b>,0.0205,MYLDITHS
WP_143555766.1,Non-AMP<b>&nbsp;*</b>,0.0097,MDTNNQDN
WP_143343480.1,Non-AMP<b>&nbsp;*</b>,0.0249,MALTDQKG
WP_143260821.1,AMP<b>&nbsp;*</b>,0.6332,MCKTFQRR
WP_134917970.1,AMP<b>&nbsp;*</b>,0.5674,MESINNCA
WP_133311139.1,AMP<b>&nbsp;*</b>,0.5663,MDERKCAC
NP_001336516.1,Non-AMP<b>&nbsp;*</b>,0.2972,MDSNFVKR
WP_126451420.1,Non-AMP<b>&nbsp;*</b>,0.188,MRCSFCQT
WP_124765155.1,Non-AMP<b>&nbsp;*</b>,0.0866,MISNHLLP
YP_009508636.1,Non-AMP<b>&nbsp;*</b>,0.4543,MHILFCLS
YP_009030001.1,Non-AMP<b>&nbsp;*</b>,0.092,MIQCSTVA
YP_009240649.1,AMP<b>&nbsp;*</b>,0.5781,MCSKIKIF
XP_012176977.1,Non-AMP<b>&nbsp;*</b>,0.0281,MHLQTERS
XP_012176840.1,Non-AMP<b>&nbsp;*</b>,0.3432,MKGEANRV
XP_007159956.1,AMP<b>&nbsp;*</b>,0.5433,TFPHGCQY
XP_007158872.1,AMP<b>&nbsp;*</b>,0.942,YFPSKLKW
XP_007149002.1,Non-AMP<b>&nbsp;*</b>,0.0471,MLAKYKSI
XP_007148278.1,Non-AMP<b>&nbsp;*</b>,0.3015,MVTKVYVV
XP_007143961.1,Non-AMP<b>&nbsp;*</b>,0.0903,ECVTCAPL
XP_007133419.1,Non-AMP<b>&nbsp;*</b>,0.4981,MFFQIGKL
XP_007133169.1,Non-AMP<b>&nbsp;*</b>,0.0824,MVKVHPIQ
XP_004257741.1,AMP<b>&nbsp;*</b>,0.8108,KPLQIFFL
XP_004183129.1,Non-AMP<b>&nbsp;*</b>,0.0013,EMNLKEIK
XP_002036687.1,Non-AMP<b>&nbsp;*</b>,0.1738,MATFQVFQ
WP_153508404.1,Non-AMP<b>&nbsp;*</b>,0.0847,MHCPRCQSA
WP_139205929.1,AMP<b>&nbsp;*</b>,0.5784,MTRLRLSLK
WP_148507356.1,AMP<b>&nbsp;*</b>,0.5639,MCVLTMIAA
WP_146164190.1,Non-AMP<b>&nbsp;*</b>,0.0558,MTLQSLETR
WP_143715142.1,Non-AMP<b>&nbsp;*</b>,0.003,MVRKNRNEK
WP_142667046.1,Non-AMP<b>&nbsp;*</b>,0.2932,MVPIFTTII
WP_141481367.1,AMP<b>&nbsp;*</b>,0.6962,MPVFTSVAV
WP_141105983.1,Non-AMP<b>&nbsp;*</b>,0.049,MRDRTNEFF
NP_001127959.1,Non-AMP<b>&nbsp;*</b>,0.4209,MGLDPTGLY
WP_135016979.1,Non-AMP<b>&nbsp;*</b>,0.2014,MLNNETCSC
WP_131595113.1,AMP<b>&nbsp;*</b>,0.8864,MLILKALCS
WP_128069226.1,AMP<b>&nbsp;*</b>,0.8054,MKTIITKVV
